"Indice;Film;Oscar Year;Film Studio/Producer(s);Award;Year of Release;Movie Time;Movie Genre;IMDB Rating;IMDB Votes"
"0;Wings;1927/28;Famous Players-Lasky;Winner;1927;144;Drama,Romance,War;7.5;12,221"
"1;7th Heaven;1927/28;Fox;Nominee;1927;110;Drama,Romance;7.7;3,439"
"2;The Racket;1927/28;The Caddo Company;Nominee;1928;84;Crime,Drama,Film-Noir;6.7;1,257"
"3;The Broadway Melody;1928/29;Metro-Goldwyn-Mayer;Winner;1929;100;Drama,Musical,Romance;5.7;6,89"
"4;Alibi;1928/29;Feature Productions;Nominee;1929;91;Action,Crime,Romance;5.8;765"
"5;Hollywood Revue;1928/29;Metro-Goldwyn-Mayer;Nominee;1929;130;Comedy,Music;5.7;2,004"
"6;In Old Arizona;1928/29;Fox;Nominee;1928;95;Western;5.6;1,019"
"7;The Patriot;1928/29;Paramount Famous Lasky;Nominee;1928;113;Drama,History,Thriller;7.4;18"
"8;All Quiet on the Western Front;1929/30;Universal;Winner;1930;152;Drama,War;8.1;59,214"
"9;The Big House;1929/30;Cosmopolitan;Nominee;1930;87;Crime,Drama,Thriller;7.1;2,079"
"10;Disraeli;1929/30;Warner Bros.;Nominee;1929;90;Biography,Drama,History;6.2;1,143"
"11;The Divorcee;1929/30;Metro-Goldwyn-Mayer;Nominee;1930;84;Romance,Drama;6.7;2,982"
"12;The Love Parade;1929/30;Paramount Famous Lasky;Nominee;1929;107;Comedy,Musical,Romance;7.0;2,163"
"13;Cimarron;1930/31;RKO Radio;Winner;1931;123;Drama,Western;5.9;5,851"
"14;East Lynne;1930/31;Fox;Nominee;1931;102;Drama,Romance;5.9;188"
"15;The Front Page;1930/31;The Caddo Company;Nominee;1931;101;Comedy,Crime,Drama;6.8;2,741"
"16;Skippy;1930/31;Paramount Publix;Nominee;1931;85;Comedy,Drama,Family;6.3;772"
"17;Trader Horn;1930/31;Metro-Goldwyn-Mayer;Nominee;1931;122;Action,Adventure,Drama;6.3;957"
"18;Grand Hotel;1931/32;Metro-Goldwyn-Mayer;Winner;1932;112;Drama,Romance;7.4;18,314"
"19;Arrowsmith;1931/32;Samuel Goldwyn Productions;Nominee;1931;108;Drama;6.2;1,663"
"20;Bad Girl;1931/32;Fox;Nominee;1931;90;Drama,Romance;6.5;1,248"
"21;The Champ;1931/32;Metro-Goldwyn-Mayer;Nominee;1931;86;Drama,Sport;7.3;3,003"
"22;Five Star Final;1931/32;First National;Nominee;1931;89;Crime,Drama;7.3;1,944"
"23;One Hour with You;1931/32;Paramount Publix;Nominee;1932;78;Comedy,Musical,Romance;7.2;2,317"
"24;Shanghai Express;1931/32;Paramount Publix;Nominee;1932;82;Adventure,Drama,Romance;7.3;8,325"
"25;The Smiling Lieutenant;1931/32;Paramount Publix;Nominee;1931;93;Comedy,Romance,Musical;7.2;3,54"
"26;Cavalcade;1932/33;Fox;Winner;1933;112;Drama,Romance,War;5.9;4,961"
"27;42nd Street;1932/33;Warner Bros.;Nominee;1933;89;Comedy,Drama,Musical;7.4;11,342"
"28;A Farewell to Arms;1932/33;Paramount;Nominee;1932;80;Drama,Romance,War;6.5;5,567"
"29;I Am a Fugitive from a Chain Gang;1932/33;Warner Bros.;Nominee;1932;92;Crime,Drama,Film-Noir;8.2;12,604"
"30;Lady for a Day;1932/33;Columbia;Nominee;1933;96;Comedy,Drama;7.4;3,971"
"31;Little Women;1932/33;RKO Radio;Nominee;1933;115;Drama,Family,Romance;7.2;6,778"
"32;The Private Life of Henry VIII;1932/33;London Films;Nominee;1933;97;Biography,Comedy,Drama;7.1;4,09"
"33;She Done Him Wrong;1932/33;Paramount;Nominee;1933;66;Comedy,Drama,History;6.4;5,899"
"34;Smilin' Through;1932/33;Metro-Goldwyn-Mayer;Nominee;1932;98;Drama,Romance;6.9;1,266"
"35;State Fair;1932/33;Fox;Nominee;1933;99;Comedy,Drama,Romance;6.8;829"
"36;It Happened One Night;1934;Columbia;Winner;1934;105;Comedy,Romance;8.1;98,409"
"37;The Barretts of Wimpole Street;1934;Metro-Goldwyn-Mayer;Nominee;1934;109;Biography,Drama,Romance;7.0;1,795"
"38;Cleopatra;1934;Paramount;Nominee;1934;100;Biography,Drama,History;6.8;3,678"
"39;Flirtation Walk;1934;First National;Nominee;1934;97;Musical,Romance;5.7;700"
"40;The Gay Divorcee;1934;RKO Radio;Nominee;1934;107;Comedy,Musical,Romance;7.5;7,455"
"41;Here Comes the Navy;1934;Warner Bros.;Nominee;1934;87;Comedy,Drama,Romance;6.3;940"
"42;The House of Rothschild;1934;20th Century;Nominee;1934;88;Biography,Drama,History;6.6;1,127"
"43;Imitation of Life;1934;Universal;Nominee;1934;111;Drama,Romance;7.5;4,423"
"44;One Night of Love;1934;Columbia;Nominee;1934;84;Music,Romance;5.7;577"
"45;The Thin Man;1934;Metro-Goldwyn-Mayer;Nominee;1934;91;Comedy,Crime,Mystery;8.0;27,959"
"46;Viva Villa!;1934;Metro-Goldwyn-Mayer;Nominee;1934;115;Action,Biography,Romance;6.4;1,277"
"47;The White Parade;1934;Jesse L. Lasky (production company);Nominee;1934;80;Drama;6.8;86"
"48;Mutiny on the Bounty;1935;Metro-Goldwyn-Mayer;Winner;1935;132;Adventure,Biography,Drama;7.7;21,805"
"49;Alice Adams;1935;RKO Radio;Nominee;1935;99;Comedy,Drama,Romance;6.9;4,02"
"50;Broadway Melody of 1936;1935;Metro-Goldwyn-Mayer;Nominee;1935;101;Musical,Romance;6.8;1,662"
"51;Captain Blood;1935;Cosmopolitan;Nominee;1935;119;Action,Adventure,History;7.7;13,708"
"52;David Copperfield;1935;Metro-Goldwyn-Mayer;Nominee;1935;130;Adventure,Drama,Romance;7.4;4,069"
"53;The Informer;1935;RKO Radio;Nominee;1935;91;Crime,Drama;7.4;6,169"
"54;The Lives of a Bengal Lancer;1935;Paramount;Nominee;1935;109;Adventure,Drama,War;7.1;2,813"
"55;A Midsummer Night's Dream;1935;Warner Bros.;Nominee;1935;133;Comedy,Fantasy,Romance;6.9;3,339"
"56;Les Misérables;1935;20th Century;Nominee;1935;108;Drama,History,Romance;7.7;3,468"
"57;Naughty Marietta;1935;Metro-Goldwyn-Mayer;Nominee;1935;105;Drama,Musical,Romance;6.7;1,307"
"58;Ruggles of Red Gap;1935;Paramount;Nominee;1935;90;Comedy,Romance,Western;7.6;3,874"
"59;Top Hat;1935;RKO Radio;Nominee;1935;101;Comedy,Musical,Romance;7.8;18,339"
"60;The Great Ziegfeld;1936;Metro-Goldwyn-Mayer;Winner;1936;176;Biography,Drama,Musical;6.7;7,665"
"61;Anthony Adverse;1936;Warner Bros.;Nominee;1936;141;Adventure,Drama,Romance;6.4;1,706"
"62;Dodsworth;1936;Samuel Goldwyn Productions;Nominee;1936;101;Drama,Romance;7.8;8,668"
"63;Libeled Lady;1936;Metro-Goldwyn-Mayer;Nominee;1936;98;Comedy,Romance;7.9;7,509"
"64;Mr. Deeds Goes to Town;1936;Columbia;Nominee;1936;115;Comedy,Drama,Romance;7.9;20,594"
"65;Romeo and Juliet;1936;Metro-Goldwyn-Mayer;Nominee;1936;125;Drama,Romance;6.5;1,91"
"66;San Francisco;1936;Metro-Goldwyn-Mayer;Nominee;1936;115;Drama,Musical,Romance;7.2;5,254"
"67;The Story of Louis Pasteur;1936;Cosmopolitan;Nominee;1936;86;Biography,Drama,History;7.3;2,601"
"68;A Tale of Two Cities;1936;Metro-Goldwyn-Mayer;Nominee;1935;128;Drama,History,Romance;7.8;5,508"
"69;Three Smart Girls;1936;Universal;Nominee;1936;84;Comedy,Musical,Romance;6.7;1,344"
"70;The Life of Emile Zola;1937;Warner Bros.;Winner;1937;116;Biography,Drama;7.2;7,771"
"71;The Awful Truth;1937;Columbia;Nominee;1937;90;Comedy,Romance;7.7;18,721"
"72;Captains Courageous;1937;Metro-Goldwyn-Mayer;Nominee;1937;117;Adventure,Drama,Family;8.0;9,243"
"73;Dead End;1937;Samuel Goldwyn Productions;Nominee;1937;93;Crime,Drama,Film-Noir;7.3;7,083"
"74;The Good Earth;1937;Metro-Goldwyn-Mayer;Nominee;1937;138;Drama,Romance;7.5;4,753"
"75;In Old Chicago;1937;20th Century-Fox;Nominee;1938;95;Action,Drama,Musical;6.8;2,233"
"76;Lost Horizon;1937;Columbia;Nominee;1937;132;Adventure,Drama,Fantasy;7.7;12,513"
"77;One Hundred Men and a Girl;1937;Universal;Nominee;1937;84;Comedy,Drama,Music;6.8;1,029"
"78;Stage Door;1937;RKO Radio;Nominee;1937;92;Comedy,Drama;7.8;8,04"
"79;A Star Is Born;1937;Selznick International Pictures;Nominee;1937;111;Drama,Romance;7.3;9,301"
"80;You Can't Take It with You;1938;Columbia;Winner;1938;126;Comedy,Drama,Romance;7.9;24,466"
"81;The Adventures of Robin Hood;1938;Warner Bros.-First National;Nominee;1938;102;Action,Adventure,Romance;7.9;49,004"
"82;Alexander's Ragtime Band;1938;20th Century-Fox;Nominee;1938;106;Drama,Music,Musical;6.9;2,042"
"83;Boys Town;1938;Metro-Goldwyn-Mayer;Nominee;1938;96;Biography,Drama;7.3;5,449"
"84;The Citadel;1938;Metro-Goldwyn-Mayer;Nominee;1938;110;Drama;7.1;2,047"
"85;Four Daughters;1938;Warner Bros.-First National;Nominee;1938;90;Drama,Music,Romance;6.9;1,881"
"86;Grand Illusion;1938;Realization D'Art Cinematographique;Nominee;1937;113;Drama,War;8.1;35,191"
"87;Jezebel;1938;Warner Bros.;Nominee;1938;104;Drama,Romance;7.5;12,874"
"88;Pygmalion;1938;Metro-Goldwyn-Mayer;Nominee;1938;89;Comedy,Drama,Romance;7.8;8,321"
"89;Test Pilot;1938;Metro-Goldwyn-Mayer;Nominee;1938;119;Drama,Romance;6.9;2,323"
"90;Gone with the Wind;1939;Selznick International Pictures;Winner;1939;238;Drama,History,Romance;8.1;300,592"
"91;Dark Victory;1939;Warner Bros.-First National;Nominee;1939;104;Drama,Romance;7.5;10,648"
"92;Goodbye, Mr. Chips;1939;Metro-Goldwyn-Mayer;Nominee;1939;114;Drama,Romance;7.9;10,164"
"93;Love Affair;1939;RKO Radio;Nominee;1939;88;Comedy,Drama,Romance;7.3;4,857"
"94;Mr. Smith Goes to Washington;1939;Columbia;Nominee;1939;129;Comedy,Drama;8.1;110,984"
"95;Ninotchka;1939;Metro-Goldwyn-Mayer;Nominee;1939;110;Comedy,Romance;7.9;19,988"
"96;Of Mice and Men;1939;Hal Roach (production company);Nominee;1939;106;Adventure,Drama;7.9;5,813"
"97;Stagecoach;1939;Walter Wanger (production company);Nominee;1939;96;Adventure,Drama,Western;7.9;45,997"
"98;The Wizard of Oz;1939;Metro-Goldwyn-Mayer;Nominee;1939;102;Adventure,Family,Fantasy;8.0;378,893"
"99;Wuthering Heights;1939;Samuel Goldwyn Productions;Nominee;1939;104;Drama,Romance;7.6;17,314"
"100;Rebecca;1940;Selznick International Pictures;Winner;1940;130;Drama,Mystery,Romance;8.1;130,546"
"101;All This, and Heaven Too;1940;Warner Bros.;Nominee;1940;141;Drama,Romance;7.5;4,728"
"102;Foreign Correspondent;1940;Walter Wanger (production company);Nominee;1940;120;Action,Romance,Thriller;7.5;19,657"
"103;The Grapes of Wrath;1940;20th Century-Fox;Nominee;1940;129;Drama,History;8.1;89,303"
"104;The Great Dictator;1940;Charles Chaplin Productions;Nominee;1940;125;Comedy,Drama,War;8.4;212,446"
"105;Kitty Foyle;1940;RKO Radio;Nominee;1940;108;Drama,Romance;6.9;3,495"
"106;The Letter;1940;Warner Bros.;Nominee;1940;95;Crime,Drama,Film-Noir;7.6;12,503"
"107;The Long Voyage Home;1940;Argosy-Wanger;Nominee;1940;105;Drama,War;7.0;4,139"
"108;Our Town;1940;Sol Lesser (production company);Nominee;1940;90;Drama,Romance;6.6;2,525"
"109;The Philadelphia Story;1940;Metro-Goldwyn-Mayer;Nominee;1940;112;Comedy,Romance;7.9;66,044"
"110;How Green Was My Valley;1941;20th Century-Fox;Winner;1941;118;Drama,Family;7.7;22,753"
"111;Blossoms in the Dust;1941;Metro-Goldwyn-Mayer;Nominee;1941;99;Biography,Drama,Romance;6.9;1,919"
"112;Citizen Kane;1941;Mercury;Nominee;1941;119;Drama,Mystery;8.3;420,959"
"113;Here Comes Mr. Jordan;1941;Columbia;Nominee;1941;94;Comedy,Fantasy,Romance;7.6;6,154"
"114;Hold Back the Dawn;1941;Paramount;Nominee;1941;116;Drama,Romance;7.4;2,247"
"115;The Little Foxes;1941;Samuel Goldwyn Productions;Nominee;1941;116;Drama,Romance;8.0;11,254"
"116;The Maltese Falcon;1941;Warner Bros.;Nominee;1941;100;Crime,Film-Noir,Mystery;8.0;152,988"
"117;One Foot in Heaven;1941;Warner Bros.;Nominee;1941;108;Biography,Drama;6.8;1,213"
"118;Sergeant York;1941;Warner Bros.;Nominee;1941;134;Biography,Drama,History;7.7;17,415"
"119;Suspicion;1941;RKO Radio;Nominee;1941;99;Film-Noir,Mystery,Thriller;7.4;36,081"
"120;Mrs. Miniver;1942;Metro-Goldwyn-Mayer;Winner;1942;134;Drama,Romance,War;7.6;16,879"
"121;49th Parallel;1942;Ortus;Nominee;1941;123;Drama,Thriller,War;7.3;6,333"
"122;Kings Row;1942;Warner Bros.;Nominee;1942;127;Drama,Mystery,Romance;7.5;4,285"
"123;The Magnificent Ambersons;1942;Mercury;Nominee;1942;88;Drama,Romance;7.7;23,662"
"124;The Pied Piper;1942;20th Century-Fox;Nominee;1942;87;Drama,War;7.1;565"
"125;The Pride of the Yankees;1942;Samuel Goldwyn Productions;Nominee;1942;128;Biography,Drama,Romance;7.7;10,459"
"126;Random Harvest;1942;Metro-Goldwyn-Mayer;Nominee;1942;126;Adventure,Drama,Family;8.0;7,331"
"127;The Talk of the Town;1942;Columbia;Nominee;1942;118;Comedy,Drama,Romance;7.5;7,884"
"128;Wake Island;1942;Paramount;Nominee;1942;88;Action,Drama,War;6.8;1,924"
"129;Yankee Doodle Dandy;1942;Warner Bros.;Nominee;1942;126;Biography,Drama,Music;7.7;14,872"
"130;Casablanca;1943;Warner Bros.;Winner;1942;102;Drama,Romance,War;8.5;541,023"
"131;For Whom the Bell Tolls;1943;Paramount;Nominee;1943;170;Adventure,Drama,History;6.9;8,88"
"132;Heaven Can Wait;1943;20th Century-Fox;Nominee;1943;112;Comedy,Drama,Fantasy;7.4;10,272"
"133;The Human Comedy;1943;Metro-Goldwyn-Mayer;Nominee;1943;117;Comedy,Drama,Family;7.0;2,044"
"134;In Which We Serve;1943;Two Cities Films;Nominee;1942;115;Drama,War;7.2;5,442"
"135;Madame Curie;1943;Metro-Goldwyn-Mayer;Nominee;1943;124;Biography,Drama,Romance;7.2;2,779"
"136;The More the Merrier;1943;Columbia;Nominee;1943;104;Comedy,Romance,War;7.7;6,264"
"137;The Ox-Bow Incident;1943;20th Century-Fox;Nominee;1942;75;Adventure,Drama,Western;8.0;22,189"
"138;The Song of Bernadette;1943;20th Century-Fox;Nominee;1943;156;Biography,Drama;7.6;6,554"
"139;Watch on the Rhine;1943;Warner Bros.;Nominee;1943;114;Drama,Thriller;7.3;4,246"
"140;Going My Way;1944;Paramount;Winner;1944;126;Comedy,Drama,Music;7.1;11,187"
"141;Double Indemnity;1944;Paramount;Nominee;1944;107;Crime,Drama,Film-Noir;8.3;149,399"
"142;Gaslight;1944;Metro-Goldwyn-Mayer;Nominee;1944;114;Crime,Drama,Mystery;7.8;26,296"
"143;Since You Went Away;1944;Selznick International Pictures;Nominee;1944;177;Drama,Romance,War;7.5;4,428"
"144;Wilson;1944;20th Century-Fox;Nominee;1944;154;Biography,Drama,History;6.4;1,525"
"145;The Lost Weekend;1945;Paramount;Winner;1945;101;Drama,Film-Noir;7.9;35,261"
"146;Anchors Aweigh;1945;Metro-Goldwyn-Mayer;Nominee;1945;140;Comedy,Fantasy,Music;7.1;8,298"
"147;The Bells of St. Mary's;1945;Rainbow Productions;Nominee;1945;126;Drama;7.3;7,546"
"148;Mildred Pierce;1945;Warner Bros.;Nominee;1945;111;Crime,Drama,Film-Noir;8.0;24,288"
"149;Spellbound;1945;Selznick International Pictures;Nominee;1945;111;Film-Noir,Mystery,Romance;7.5;46,578"
"150;The Best Years of Our Lives;1946;Samuel Goldwyn Productions;Winner;1946;170;Drama,Romance,War;8.1;60,81"
"151;Henry V;1946;Two Cities Films;Nominee;1944;137;Biography,Drama,History;7.1;6,145"
"152;It's a Wonderful Life;1946;Liberty Films;Nominee;1946;130;Drama,Family,Fantasy;8.6;420,975"
"153;The Razor's Edge;1946;20th Century-Fox;Nominee;1946;145;Drama,Romance;7.4;5,77"
"154;The Yearling;1946;Metro-Goldwyn-Mayer;Nominee;1946;128;Drama,Family,Western;7.2;5,658"
"155;Gentleman's Agreement;1947;20th Century-Fox;Winner;1947;118;Drama,Romance;7.2;15,593"
"156;The Bishop's Wife;1947;Samuel Goldwyn Productions;Nominee;1947;109;Comedy,Drama,Fantasy;7.6;15,79"
"157;Crossfire;1947;RKO Radio;Nominee;1947;86;Crime,Drama,Film-Noir;7.3;8,03"
"158;Great Expectations;1947;J. Arthur Rank-Cineguild;Nominee;1946;118;Adventure,Drama,Mystery;7.8;23,12"
"159;Miracle on 34th Street;1947;20th Century-Fox;Nominee;1947;96;Comedy,Drama,Family;7.9;44,012"
"160;Hamlet;1948;J. Arthur Rank-Two Cities Films;Winner;1948;154;Drama;7.6;16,167"
"161;Johnny Belinda;1948;Warner Bros.;Nominee;1948;102;Drama;7.8;4,549"
"162;The Red Shoes;1948;J. Arthur Rank-Archers;Nominee;1948;135;Drama,Music,Romance;8.1;32,804"
"163;The Snake Pit;1948;20th Century-Fox;Nominee;1948;108;Drama,Mystery;7.6;7,232"
"164;The Treasure of the Sierra Madre;1948;Warner Bros.;Nominee;1948;126;Adventure,Drama,Western;8.2;119,133"
"165;All the King's Men;1949;Columbia;Winner;1949;110;Drama,Film-Noir;7.5;14,27"
"166;Battleground;1949;Metro-Goldwyn-Mayer;Nominee;1949;118;Action,Drama,History;7.5;6,97"
"167;The Heiress;1949;Paramount;Nominee;1949;115;Drama,Romance;8.2;14,871"
"168;A Letter to Three Wives;1949;20th Century-Fox;Nominee;1949;103;Drama,Romance;7.7;9"
"169;Twelve O'Clock High;1949;20th Century-Fox;Nominee;1949;132;Drama,War;7.7;13,989"
"170;All About Eve;1950;20th Century-Fox;Winner;1950;138;Drama;8.2;125,426"
"171;Born Yesterday;1950;Columbia;Nominee;1950;103;Comedy,Drama,Romance;7.6;10,597"
"172;Father of the Bride;1950;Metro-Goldwyn-Mayer;Nominee;1950;92;Comedy,Romance;7.2;10,742"
"173;King Solomon's Mines;1950;Metro-Goldwyn-Mayer;Nominee;1950;103;Action,Adventure,Romance;6.8;5,929"
"174;Sunset Boulevard;1950;Paramount;Nominee;1950;110;Drama,Film-Noir;8.4;210,129"
"175;An American in Paris;1951;Arthur Freed;Winner;1951;114;Drama,Musical,Romance;7.2;31,953"
"176;Decision Before Dawn;1951;Anatole Litvak and Frank McCarthy;Nominee;1951;119;Drama,War;7.2;2,596"
"177;A Place in the Sun;1951;George Stevens;Nominee;1951;122;Drama,Romance;7.8;21,429"
"178;Quo Vadis;1951;Sam Zimbalist;Nominee;1951;171;Biography,Drama,History;7.2;14,371"
"179;A Streetcar Named Desire;1951;Charles K. Feldman;Nominee;1951;122;Drama;8.0;103,781"
"180;The Greatest Show on Earth;1952;Cecil B. DeMille;Winner;1952;152;Drama,Family,Romance;6.6;13,797"
"181;High Noon;1952;Stanley Kramer;Nominee;1952;85;Drama,Thriller,Western;8.0;100,501"
"182;Ivanhoe;1952;Pandro S. Berman;Nominee;1952;106;Adventure,Drama,History;6.8;8,627"
"183;Moulin Rouge;1952;John Huston, John Woolf and James Woolf;Nominee;1952;119;Biography,Drama,Music;7.1;5,284"
"184;The Quiet Man;1952;John Ford and Merian C. Cooper;Nominee;1952;129;Comedy,Drama,Romance;7.8;36,499"
"185;From Here to Eternity;1953;Buddy Adler;Winner;1953;118;Drama,Romance,War;7.6;45,045"
"186;Julius Caesar;1953;John Houseman;Nominee;1953;120;Biography,Drama,History;7.3;11,012"
"187;The Robe;1953;Frank Ross;Nominee;1953;135;Drama,History;6.8;9,876"
"188;Roman Holiday;1953;William Wyler;Nominee;1953;118;Comedy,Romance;8.0;132,97"
"189;Shane;1953;George Stevens;Nominee;1953;118;Drama,Western;7.6;38,752"
"190;On the Waterfront;1954;Sam Spiegel;Winner;1954;108;Crime,Drama,Thriller;8.1;147,893"
"191;The Caine Mutiny;1954;Stanley Kramer;Nominee;1954;124;Drama,War;7.7;26,649"
"192;The Country Girl;1954;William Perlberg;Nominee;1954;104;Drama,Music;7.3;5,766"
"193;Seven Brides for Seven Brothers;1954;Jack Cummings;Nominee;1954;102;Comedy,Drama,Musical;7.4;23,448"
"194;Three Coins in the Fountain;1954;Sol C. Siegel;Nominee;1954;102;Drama,Romance;6.3;3,276"
"195;Marty;1955;Harold Hecht;Winner;1955;90;Drama,Romance;7.7;22,916"
"196;Love Is a Many-Splendored Thing;1955;Buddy Adler;Nominee;1955;102;Biography,Drama,Romance;6.5;4,688"
"197;Mister Roberts;1955;Leland Hayward;Nominee;1955;123;Comedy,Drama,War;7.7;16,057"
"198;Picnic;1955;Fred Kohlmar;Nominee;1955;115;Drama,Romance;7.1;8,425"
"199;The Rose Tattoo;1955;Hal B. Wallis;Nominee;1955;117;Comedy,Drama,Romance;7.0;3,763"
"200;Around the World in 80 Days;1956;Michael Todd;Winner;1956;175;Adventure,Comedy,Family;6.8;26,019"
"201;Friendly Persuasion;1956;William Wyler;Nominee;1956;137;Drama,Romance,War;7.4;6,784"
"202;Giant;1956;George Stevens and Henry Ginsberg;Nominee;1956;201;Drama,Western;7.6;36,951"
"203;The King and I;1956;Charles Brackett;Nominee;1956;133;Biography,Drama,Musical;7.4;24,685"
"204;The Ten Commandments;1956;Cecil B. DeMille;Nominee;1956;220;Adventure,Drama;7.9;66,969"
"205;The Bridge on the River Kwai;1957;Sam Spiegel;Winner;1957;161;Adventure,Drama,War;8.1;210,558"
"206;12 Angry Men;1957;Henry Fonda and Reginald Rose;Nominee;1957;96;Crime,Drama;9.0;725,938"
"207;Peyton Place;1957;Jerry Wald;Nominee;1957;157;Drama,Romance;7.2;5,707"
"208;Sayonara;1957;William Goetz;Nominee;1957;147;Drama,Romance;7.1;6,473"
"209;Witness for the Prosecution;1957;Arthur Hornblow Jr.;Nominee;1957;116;Crime,Drama,Mystery;8.4;115,545"
"210;Gigi;1958;Arthur Freed;Winner;1958;115;Comedy,Musical,Romance;6.7;21,807"
"211;Auntie Mame;1958;Jack L. Warner;Nominee;1958;143;Comedy,Drama,Romance;7.9;10,825"
"212;Cat on a Hot Tin Roof;1958;Lawrence Weingarten;Nominee;1958;108;Drama;8.0;47,222"
"213;The Defiant Ones;1958;Stanley Kramer;Nominee;1958;96;Crime,Drama;7.6;14,358"
"214;Separate Tables;1958;Harold Hecht;Nominee;1958;100;Drama,Romance;7.4;7,248"
"215;Ben-Hur;1959;Sam Zimbalist;Winner;1959;212;Adventure,Drama,History;8.1;227,894"
"216;Anatomy of a Murder;1959;Otto Preminger;Nominee;1959;161;Crime,Drama,Mystery;8.0;62,835"
"217;The Diary of Anne Frank;1959;George Stevens;Nominee;1959;180;Biography,Drama,Family;7.4;12,413"
"218;The Nun's Story;1959;Henry Blanke;Nominee;1959;149;Drama;7.6;9,968"
"219;Room at the Top;1959;John Woolf and James Woolf;Nominee;1959;115;Drama,Romance;7.5;5,746"
"220;The Apartment;1960;Billy Wilder;Winner;1960;125;Comedy,Drama,Romance;8.3;171,39"
"221;The Alamo;1960;John Wayne;Nominee;1960;162;Adventure,Drama,History;6.8;15,189"
"222;Elmer Gantry;1960;Bernard Smith;Nominee;1960;146;Drama;7.8;11,043"
"223;Sons and Lovers;1960;Jerry Wald;Nominee;1960;103;Drama;7.1;1,506"
"224;The Sundowners;1960;Fred Zinnemann;Nominee;1960;133;Adventure,Drama;7.1;4,031"
"225;West Side Story;1961;Robert Wise;Winner;1961;153;Crime,Drama,Musical;7.5;101,27"
"226;Fanny;1961;Joshua Logan;Nominee;1961;134;Drama,Romance;6.9;2,121"
"227;The Guns of Navarone;1961;Carl Foreman;Nominee;1961;158;Action,Adventure,Drama;7.5;47,296"
"228;The Hustler;1961;Robert Rossen;Nominee;1961;134;Drama,Sport;8.0;78,871"
"229;Judgment at Nuremberg;1961;Stanley Kramer;Nominee;1961;179;Drama,War;8.2;73,363"
"230;Lawrence of Arabia;1962;Sam Spiegel;Winner;1962;228;Adventure,Biography,Drama;8.3;278,596"
"231;The Longest Day;1962;Darryl F. Zanuck;Nominee;1962;178;Action,Drama,History;7.8;53,759"
"232;The Music Man;1962;Morton DaCosta;Nominee;1962;151;Comedy,Family,Musical;7.7;16,665"
"233;Mutiny on the Bounty;1962;Aaron Rosenberg;Winner;1962;178;Adventure,Drama,History;7.2;15,634"
"234;To Kill a Mockingbird;1962;Alan J. Pakula;Nominee;1962;129;Crime,Drama;8.3;303,387"
"235;Tom Jones;1963;Tony Richardson;Winner;1963;129;Adventure,Comedy,History;6.5;12,448"
"236;America America;1963;Elia Kazan;Nominee;1963;174;Drama;7.8;5,215"
"237;Cleopatra;1963;Walter Wanger;Nominee;1963;192;Biography,Drama,History;7.0;31,027"
"238;How the West Was Won;1963;Bernard Smith;Nominee;1962;164;Western;7.1;19,741"
"239;Lilies of the Field;1963;Ralph Nelson;Nominee;1963;94;Drama;7.6;9,751"
"240;My Fair Lady;1964;Jack L. Warner;Winner;1964;170;Drama,Family,Musical;7.8;90,361"
"241;Becket;1964;Hal B. Wallis;Nominee;1964;148;Biography,Drama,History;7.8;14,231"
"242;Dr. Strangelove or: How I Learned to Stop Worrying and Love the Bomb;1964;Stanley Kubrick;Nominee;1964;95;Comedy;8.4;466,261"
"243;Mary Poppins;1964;Walt Disney and Bill Walsh;Nominee;1964;139;Comedy,Family,Fantasy;7.8;163,118"
"244;Zorba the Greek;1964;Michael Cacoyannis;Nominee;1964;142;Comedy,Drama;7.7;21,591"
"245;The Sound of Music;1965;Robert Wise;Winner;1965;172;Biography,Drama,Family;8.0;215,374"
"246;Darling;1965;Joseph Janni;Nominee;1965;128;Drama,Romance;7.1;6,468"
"247;Doctor Zhivago;1965;Carlo Ponti;Nominee;1965;197;Drama,Romance,War;8.0;72,548"
"248;Ship of Fools;1965;Stanley Kramer;Nominee;1965;149;Drama,Romance,War;7.1;5,725"
"249;A Thousand Clowns;1965;Fred Coe;Nominee;1965;118;Comedy,Drama,Romance;7.4;3,349"
"250;A Man for All Seasons;1966;Fred Zinnemann;Winner;1966;120;Biography,Drama,History;7.7;33,107"
"251;Alfie;1966;Lewis Gilbert;Nominee;1966;114;Comedy,Drama;7.0;14,178"
"252;The Russians Are Coming, the Russians Are Coming;1966;Norman Jewison;Nominee;1966;126;Comedy,War;7.0;8,473"
"253;The Sand Pebbles;1966;Robert Wise;Nominee;1966;182;Adventure,Drama,Romance;7.6;14,184"
"254;Who's Afraid of Virginia Woolf?;1966;Ernest Lehman;Nominee;1966;131;Drama;8.0;72,597"
"255;In the Heat of the Night;1967;Walter Mirisch;Winner;1967;110;Crime,Drama,Mystery;7.9;70,719"
"256;Bonnie and Clyde;1967;Warren Beatty;Nominee;1967;111;Action,Biography,Crime;7.8;107,803"
"257;Doctor Dolittle;1967;Arthur P. Jacobs;Nominee;1967;152;Adventure,Comedy,Family;6.2;9,028"
"258;The Graduate;1967;Lawrence Turman;Nominee;1967;106;Comedy,Drama,Romance;8.0;261,921"
"259;Guess Who's Coming to Dinner;1967;Stanley Kramer;Nominee;1967;108;Comedy,Drama;7.8;41,907"
"260;Oliver!;1968;John Woolf;Winner;1968;153;Drama,Family,Musical;7.4;36,386"
"261;Funny Girl;1968;Ray Stark;Nominee;1968;151;Biography,Comedy,Drama;7.4;21,174"
"262;The Lion in Winter;1968;Martin Poll;Nominee;1968;134;Biography,Drama,History;7.9;30,196"
"263;Rachel, Rachel;1968;Paul Newman;Nominee;1968;101;Drama,Romance;7.3;3,213"
"264;Romeo and Juliet;1968;Anthony Havelock-Allan and John Brabourne;Nominee;1968;138;Drama,Romance;7.6;30,5"
"265;Midnight Cowboy;1969;Jerome Hellman;Winner;1969;113;Drama;7.8;106,077"
"266;Anne of the Thousand Days;1969;Hal B. Wallis;Nominee;1969;145;Biography,Drama,History;7.5;7,138"
"267;Butch Cassidy and the Sundance Kid;1969;John Foreman;Nominee;1969;110;Biography,Crime,Drama;8.0;208,4"
"268;Hello, Dolly!;1969;Ernest Lehman;Nominee;1969;146;Adventure,Comedy,Musical;7.1;14,42"
"269;Z;1969;Jacques Perrin and Ahmed Rachedi;Nominee;1969;127;Crime,Drama,History;8.3;25,227"
"270;Patton;1970;Frank McCarthy;Winner;1970;172;Biography,Drama,War;7.9;98,155"
"271;Airport;1970;Ross Hunter;Nominee;1970;137;Action,Drama,Thriller;6.6;18,289"
"272;Five Easy Pieces;1970;Bob Rafelson and Richard Wechsler;Nominee;1970;98;Drama;7.5;35,199"
"273;Love Story;1970;Howard G. Minsky;Nominee;1970;100;Drama,Romance;6.9;32,681"
"274;M*A*S*H;1970;Ingo Preminger;Nominee;1970;116;Comedy,Drama,War;7.5;69,897"
"275;The French Connection;1971;Philip D'Antoni;Winner;1971;104;Action,Crime,Drama;7.7;115,341"
"276;A Clockwork Orange;1971;Stanley Kubrick;Nominee;1971;136;Crime,Drama,Sci-Fi;8.3;783,346"
"277;Fiddler on the Roof;1971;Norman Jewison;Nominee;1971;181;Drama,Family,Musical;8.0;41,233"
"278;The Last Picture Show;1971;Stephen J. Friedman;Nominee;1971;118;Drama,Romance;8.0;44,843"
"279;Nicholas and Alexandra;1971;Sam Spiegel;Nominee;1971;183;Biography,Drama,History;7.2;4,671"
"280;The Godfather;1972;Albert S. Ruddy;Winner;1972;175;Crime,Drama;9.2;1,697,396"
"281;Cabaret;1972;Cy Feuer;Nominee;1972;124;Drama,Music,Musical;7.8;51,698"
"282;Deliverance;1972;John Boorman;Nominee;1972;109;Adventure,Drama,Thriller;7.7;102,934"
"283;The Emigrants;1972;Bengt Forslund;Nominee;1971;151;Drama,History;8.0;6,121"
"284;Sounder;1972;Robert B. Radnitz;Nominee;1972;105;Drama,Family;7.6;3,92"
"285;The Sting;1973;Tony Bill, Michael Phillips, and Julia Phillips;Winner;1973;129;Comedy,Crime,Drama;8.3;249,856"
"286;American Graffiti;1973;Francis Ford Coppola and Gary Kurtz;Nominee;1973;110;Comedy,Drama;7.4;85,117"
"287;Cries and Whispers;1973;Ingmar Bergman;Nominee;1972;91;Drama;8.1;32,122"
"288;The Exorcist;1973;William Peter Blatty;Nominee;1973;122;Horror;8.0;375,156"
"289;A Touch of Class;1973;Melvin Frank;Nominee;1973;106;Comedy,Romance;6.5;2,991"
"290;The Godfather Part II;1974;Francis Ford Coppola, Gray Frederickson, and Fred Roos;Winner;1974;202;Crime,Drama;9.0;1,178,981"
"291;Chinatown;1974;Robert Evans;Nominee;1974;130;Drama,Mystery,Thriller;8.2;308,349"
"292;The Conversation;1974;Francis Ford Coppola;Nominee;1974;113;Drama,Mystery,Thriller;7.8;105,312"
"293;Lenny;1974;Marvin Worth;Nominee;1974;111;Biography,Drama;7.6;15,444"
"294;The Towering Inferno;1974;Irwin Allen;Nominee;1974;165;Action,Drama,Thriller;7.0;41,582"
"295;One Flew Over the Cuckoo's Nest;1975;Michael Douglas and Saul Zaentz;Winner;1975;133;Drama;8.7;950,833"
"296;Barry Lyndon;1975;Stanley Kubrick;Nominee;1975;185;Adventure,Drama,History;8.1;157,491"
"297;Dog Day Afternoon;1975;Martin Bregman and Martin Elfand;Nominee;1975;125;Biography,Crime,Drama;8.0;245,162"
"298;Jaws;1975;Richard D. Zanuck and David Brown;Nominee;1975;124;Adventure,Thriller;8.0;563,056"
"299;Nashville;1975;Robert Altman;Nominee;1975;160;Comedy,Drama,Music;7.7;25,084"
"300;Rocky;1976;Irwin Winkler and Robert Chartoff;Winner;1976;120;Drama,Sport;8.1;537,813"
"301;All the President's Men;1976;Walter Coblenz;Nominee;1976;138;Biography,Drama,History;8.0;109,033"
"302;Bound for Glory;1976;Robert F. Blumofe and Harold Leventhal;Nominee;1976;147;Biography,Drama,Music;7.3;4,892"
"303;Network;1976;Howard Gottfried;Nominee;1976;121;Drama;8.1;151,78"
"304;Taxi Driver;1976;Michael Phillips and Julia Phillips;Nominee;1976;114;Crime,Drama;8.2;758,393"
"305;Annie Hall;1977;Charles H. Joffe;Winner;1977;93;Comedy,Romance;8.0;257,55"
"306;The Goodbye Girl;1977;Ray Stark;Nominee;1977;111;Comedy,Drama,Romance;7.4;13,292"
"307;Julia;1977;Richard Roth;Nominee;1977;117;Drama;7.2;9,219"
"308;Star Wars;1977;Gary Kurtz;Nominee;1977;121;Action,Adventure,Fantasy;8.6;1,272,908"
"309;The Turning Point;1977;Herbert Ross and Arthur Laurents;Nominee;1977;119;Drama,Romance;6.9;4,457"
"310;The Deer Hunter;1978;Barry Spikings, Michael Deeley, Michael Cimino, and John Peverall;Winner;1978;183;Drama,War;8.1;323,543"
"311;Coming Home;1978;Jerome Hellman;Nominee;1978;127;Drama,Romance,War;7.3;13,023"
"312;Heaven Can Wait;1978;Warren Beatty;Nominee;1978;101;Comedy,Fantasy,Romance;6.9;19,822"
"313;Midnight Express;1978;Alan Marshall and David Puttnam;Nominee;1978;121;Biography,Crime,Drama;7.6;76,311"
"314;An Unmarried Woman;1978;Paul Mazursky and Tony Ray;Nominee;1978;124;Comedy,Drama,Romance;7.2;5,113"
"315;Kramer vs. Kramer;1979;Stanley R. Jaffe;Winner;1979;105;Drama;7.8;138,582"
"316;All That Jazz;1979;Robert Alan Aurthur;Nominee;1979;123;Drama,Music,Musical;7.9;29,674"
"317;Apocalypse Now;1979;Francis Ford Coppola, Fred Roos, Gray Frederickson, and Tom Sternberg;Nominee;1979;147;Drama,Mystery,War;8.4;627,726"
"318;Breaking Away;1979;Peter Yates;Nominee;1979;101;Comedy,Drama,Romance;7.7;22,594"
"319;Norma Rae;1979;Tamara Asseyev and Alex Rose;Nominee;1979;114;Drama;7.3;11,062"
"320;Ordinary People;1980;Ronald L. Schwary;Winner;1980;124;Drama;7.7;49,328"
"321;Coal Miner's Daughter;1980;Bernard Schwartz;Nominee;1980;124;Biography,Drama,Music;7.5;17,579"
"322;The Elephant Man;1980;Jonathan Sanger;Nominee;1980;124;Biography,Drama;8.1;229,693"
"323;Raging Bull;1980;Irwin Winkler and Robert Chartoff;Nominee;1980;129;Biography,Drama,Sport;8.2;334,55"
"324;Tess;1980;Claude Berri and Timothy Burrill;Nominee;1979;186;Drama,Romance;7.3;15,999"
"325;Chariots of Fire;1981;David Puttnam;Winner;1981;125;Biography,Drama,Sport;7.2;57,292"
"326;Atlantic City;1981;Denis Héroux;Nominee;1980;104;Crime,Drama,Romance;7.3;16,039"
"327;On Golden Pond;1981;Bruce Gilbert;Nominee;1981;109;Drama;7.6;29,276"
"328;Raiders of the Lost Ark;1981;Frank Marshall;Nominee;1981;115;Action,Adventure;8.4;914,188"
"329;Reds;1981;Warren Beatty;Nominee;1975;127;Horror,Mystery,Thriller;7.6;35,213"
"330;Gandhi;1982;Richard Attenborough;Winner;1982;191;Biography,Drama,History;8.0;223,282"
"331;E.T. the Extra-Terrestrial;1982;Steven Spielberg and Kathleen Kennedy;Nominee;1982;115;Family,Sci-Fi;7.8;386,073"
"332;Missing;1982;Edward Lewis and Mildred Lewis;Nominee;1982;122;Biography,Drama,History;7.7;20,689"
"333;Tootsie;1982;Sydney Pollack and Dick Richards;Nominee;1982;116;Comedy,Drama,Romance;7.4;101,492"
"334;The Verdict;1982;Richard D. Zanuck and David Brown;Nominee;1982;129;Drama;7.7;37,826"
"335;Terms of Endearment;1983;James L. Brooks;Winner;1983;132;Comedy,Drama;7.4;57,538"
"336;The Big Chill;1983;Michael Shamberg;Nominee;1983;105;Comedy,Drama;7.2;34,895"
"337;The Dresser;1983;Peter Yates;Nominee;1983;118;Drama;7.6;5,072"
"338;The Right Stuff;1983;Irwin Winkler and Robert Chartoff;Nominee;1983;193;Adventure,Biography,Drama;7.8;59,265"
"339;Tender Mercies;1983;Philip S. Hobel;Nominee;1983;92;Drama,Music;7.4;10,06"
"340;Amadeus;1984;Saul Zaentz;Winner;1984;160;Biography,Drama,History;8.3;381,101"
"341;The Killing Fields;1984;David Puttnam;Nominee;1984;141;Biography,Drama,History;7.8;53,545"
"342;A Passage to India;1984;John Brabourne and Richard B. Goodwin;Nominee;1984;164;Adventure,Drama,History;7.3;18,017"
"343;Places in the Heart;1984;Arlene Donovan;Nominee;1984;111;Drama;7.4;11,271"
"344;A Soldier's Story;1984;Norman Jewison, Ronald L. Schwary, and Patrick Palmer;Nominee;1984;101;Crime,Drama,Mystery;7.2;9,57"
"345;Out of Africa;1985;Sydney Pollack;Winner;1985;161;Biography,Drama,Romance;7.2;76,084"
"346;The Color Purple;1985;Steven Spielberg, Kathleen Kennedy, Frank Marshall, and Quincy Jones;Nominee;1985;154;Drama;7.8;82,027"
"347;Kiss of the Spider Woman;1985;David Weisman;Nominee;1985;120;Drama;7.4;15,003"
"348;Prizzi's Honor;1985;John Foreman;Nominee;1985;130;Comedy,Crime,Drama;6.7;23,681"
"349;Witness;1985;Edward S. Feldman;Nominee;1985;112;Crime,Drama,Romance;7.4;90,252"
"350;Platoon;1986;Arnold Kopelson;Winner;1986;120;Drama,War;8.1;394,151"
"351;Children of a Lesser God;1986;Burt Sugarman and Patrick J. Palmer;Nominee;1986;119;Drama,Romance;7.2;15,807"
"352;Hannah and Her Sisters;1986;Robert Greenhut;Nominee;1986;107;Comedy,Drama;7.9;69,273"
"353;The Mission;1986;Fernando Ghia and David Puttnam;Nominee;1986;125;Adventure,Drama,History;7.4;58,975"
"354;A Room with a View;1986;Ismail Merchant;Nominee;1985;117;Drama,Romance;7.3;41,517"
"355;The Last Emperor;1987;Jeremy Thomas;Winner;1987;163;Biography,Drama,History;7.7;98,273"
"356;Broadcast News;1987;James L. Brooks;Nominee;1987;133;Comedy,Drama,Romance;7.2;28,908"
"357;Fatal Attraction;1987;Stanley R. Jaffe and Sherry Lansing;Nominee;1987;119;Drama,Thriller;6.9;80,634"
"358;Hope and Glory;1987;John Boorman;Nominee;1987;113;Comedy,Drama,Romance;7.3;13,104"
"359;Moonstruck;1987;Patrick J. Palmer and Norman Jewison;Nominee;1987;102;Comedy,Drama,Romance;7.1;54,964"
"360;Rain Man;1988;Mark Johnson;Winner;1988;133;Drama;8.0;488,86"
"361;The Accidental Tourist;1988;Lawrence Kasdan, Charles Okun, and Michael Grillo;Nominee;1988;121;Drama,Romance;6.8;15,488"
"362;Dangerous Liaisons;1988;Norma Heyman and Hank Moonjean;Nominee;1988;119;Drama,Romance;7.6;66,909"
"363;Mississippi Burning;1988;Frederick Zollo and Robert F. Colesberry;Nominee;1988;128;Crime,Drama,History;7.8;94,171"
"364;Working Girl;1988;Douglas Wick;Nominee;1988;113;Comedy,Drama,Romance;6.8;54,343"
"365;Driving Miss Daisy;1989;Richard D. Zanuck and Lili Fini Zanuck;Winner;1989;99;Drama;7.4;104,806"
"366;Born on the Fourth of July;1989;A. Kitman Ho and Oliver Stone;Nominee;1989;145;Biography,Drama,War;7.2;101,778"
"367;Dead Poets Society;1989;Steven Haft, Paul Junger Witt, and Tony Thomas;Nominee;1989;128;Comedy,Drama;8.1;446,811"
"368;Field of Dreams;1989;Lawrence Gordon and Charles Gordon;Nominee;1989;107;Drama,Family,Fantasy;7.5;113,841"
"369;My Left Foot;1989;Noel Pearson;Nominee;1989;103;Biography,Drama;7.9;71,014"
"370;Dances with Wolves;1990;Jim Wilson and Kevin Costner;Winner;1990;181;Adventure,Drama,Western;8.0;249,524"
"371;Awakenings;1990;Walter Parkes and Lawrence Lasker;Nominee;1990;121;Biography,Drama;7.8;132,136"
"372;Ghost;1990;Lisa Weinstein;Nominee;1990;127;Drama,Fantasy,Romance;7.1;204,848"
"373;The Godfather Part III;1990;Francis Ford Coppola;Nominee;1990;162;Crime,Drama;7.6;373,892"
"374;Goodfellas;1990;Irwin Winkler;Nominee;1990;146;Biography,Crime,Drama;8.7;1,065,109"
"375;The Silence of the Lambs;1991;Edward Saxon, Kenneth Utt, and Ron Bozman;Winner;1991;118;Crime,Drama,Thriller;8.6;1,326,186"
"376;Beauty and the Beast;1991;Don Hahn;Nominee;1991;84;Animation,Family,Fantasy;8.0;427,333"
"377;Bugsy;1991;Mark Johnson, Barry Levinson and Warren Beatty;Nominee;1991;136;Biography,Crime,Drama;6.8;27,635"
"378;JFK;1991;A. Kitman Ho and Oliver Stone;Nominee;1991;189;Drama,History,Thriller;8.0;147,893"
"379;The Prince of Tides;1991;Barbra Streisand and Andrew S. Karsch;Nominee;1991;132;Drama,Romance;6.7;17,342"
"380;Unforgiven;1992;Clint Eastwood;Winner;1992;130;Drama,Western;8.2;390,28"
"381;The Crying Game;1992;Stephen Woolley;Nominee;1992;112;Crime,Drama,Romance;7.3;53,289"
"382;A Few Good Men;1992;David Brown, Rob Reiner, and Andrew Scheinman;Nominee;1992;138;Drama,Thriller;7.7;245,903"
"383;Howards End;1992;Ismail Merchant;Nominee;1992;142;Drama,Romance;7.4;30,508"
"384;Scent of a Woman;1992;Martin Brest;Nominee;1992;156;Drama;8.0;277,333"
"385;Schindler's List;1993;Steven Spielberg, Gerald R. Molen, and Branko Lustig;Winner;1993;195;Biography,Drama,History;8.9;1,261,563"
"386;The Fugitive;1993;Arnold Kopelson;Nominee;1993;130;Action,Crime,Drama;7.8;278,006"
"387;In the Name of the Father;1993;Jim Sheridan;Nominee;1993;133;Biography,Crime,Drama;8.1;165,134"
"388;The Piano;1993;Jan Chapman;Nominee;1993;121;Drama,Music,Romance;7.6;81,749"
"389;The Remains of the Day;1993;Mike Nichols, John Calley, and Ismail Merchant;Nominee;1993;134;Drama,Romance;7.8;69,613"
"390;Forrest Gump;1994;Wendy Finerman, Steve Tisch, and Steve Starkey;Winner;1994;142;Drama,Romance;8.8;1,895,991"
"391;Four Weddings and a Funeral;1994;Duncan Kenworthy;Nominee;1994;117;Comedy,Drama,Romance;7.1;145,046"
"392;Pulp Fiction;1994;Lawrence Bender;Nominee;1994;154;Crime,Drama;8.9;1,900,918"
"393;Quiz Show;1994;Michael Jacobs, Julian Krainin, Michael Nozik, and Robert Redford;Nominee;1994;133;Biography,Drama,History;7.5;66,948"
"394;The Shawshank Redemption;1994;Niki Marvin;Nominee;1994;142;Drama;9.3;2,452,594"
"395;Braveheart;1995;Mel Gibson, Alan Ladd Jr., and Bruce Davey;Winner;1995;178;Biography,Drama,History;8.3;986,016"
"396;Apollo 13;1995;Brian Grazer;Nominee;1995;140;Adventure,Drama,History;7.6;279,684"
"397;Babe;1995;Bill Miller, George Miller, and Doug Mitchell;Nominee;1995;91;Comedy,Drama,Family;6.8;120,428"
"398;The Postman (Il Postino);1995;Mario Cecchi Gori, Vittorio Cecchi Gori, and Gaetano Daniele;Nominee;1994;108;Biography,Comedy,Drama;7.7;34,974"
"399;Sense and Sensibility;1995;Lindsay Doran;Nominee;1995;136;Drama,Romance;7.7;108,657"
"400;The English Patient;1996;Saul Zaentz;Winner;1996;162;Drama,Romance,War;7.4;183,677"
"401;Fargo;1996;Ethan Coen;Nominee;1996;98;Crime,Drama,Thriller;8.1;641,314"
"402;Jerry Maguire;1996;James L. Brooks, Laurence Mark, Richard Sakai, and Cameron Crowe;Nominee;1996;139;Comedy,Drama,Romance;7.3;251,072"
"403;Secrets & Lies;1996;Simon Channing-Williams;Nominee;1996;136;Comedy,Drama;8.0;41,079"
"404;Shine;1996;Jane Scott;Nominee;1996;105;Biography,Drama,Music;7.7;52,751"
"405;Titanic;1997;James Cameron and Jon Landau;Winner;1997;194;Drama,Romance;7.8;1,089,044"
"406;As Good as It Gets;1997;James L. Brooks, Bridget Johnson, and Kristi Zea;Nominee;1997;139;Comedy,Drama,Romance;7.7;285,908"
"407;The Full Monty;1997;Uberto Pasolini;Nominee;1997;91;Comedy,Drama;7.2;102,282"
"408;Good Will Hunting;1997;Lawrence Bender;Nominee;1997;126;Drama,Romance;8.3;896,929"
"409;L.A. Confidential;1997;Curtis Hanson, Arnon Milchan, and Michael Nathanson;Nominee;1997;138;Crime,Drama,Mystery;8.2;550,162"
"410;Shakespeare in Love;1998;David Parfitt, Donna Gigliotti, Harvey Weinstein, Edward Zwick, and Marc Norman;Winner;1998;123;Comedy,Drama,History;7.1;218,538"
"411;Elizabeth;1998;Alison Owen, Eric Fellner and Tim Bevan;Nominee;1998;124;Biography,Drama,History;7.4;95,572"
"412;Life Is Beautiful;1998;Elda Ferri and Gianluigi Braschi;Nominee;1997;116;Comedy,Drama,Romance;8.6;649,39"
"413;Saving Private Ryan;1998;Steven Spielberg, Ian Bryce, Mark Gordon, and Gary Levinsohn;Nominee;1998;169;Drama,War;8.6;1,287,001"
"414;The Thin Red Line;1998;Robert Michael Geisler, John Roberdeau, and Grant Hill;Nominee;1998;170;Drama,War;7.6;179,626"
"415;American Beauty;1999;Bruce Cohen and Dan Jinks;Winner;1999;122;Drama;8.3;1,101,496"
"416;The Cider House Rules;1999;Richard N. Gladstein;Nominee;1999;126;Drama,Romance;7.4;95,629"
"417;The Green Mile;1999;Frank Darabont and David Valdes;Nominee;1999;189;Crime,Drama,Fantasy;8.6;1,198,434"
"418;The Insider;1999;Pieter Jan Brugge and Michael Mann;Nominee;1999;157;Biography,Drama,Thriller;7.8;165,522"
"419;The Sixth Sense;1999;Frank Marshall, Kathleen Kennedy, and Barry Mendel;Nominee;1999;107;Drama,Mystery,Thriller;8.1;939,659"
"420;Gladiator;2000;Douglas Wick, David Franzoni, and Branko Lustig;Winner;2000;155;Action,Adventure,Drama;8.5;1,393,352"
"421;Chocolat;2000;David Brown, Kit Golden, and Leslie Holleran;Nominee;2000;121;Drama,Romance;7.2;183,002"
"422;Crouching Tiger, Hidden Dragon;2000;William Kong, Hsu Li-kong, and Ang Lee;Nominee;2000;120;Action,Adventure,Fantasy;7.8;259,991"
"423;Erin Brockovich;2000;Danny DeVito, Michael Shamberg, and Stacey Sher;Nominee;2000;131;Biography,Drama;7.4;184,808"
"424;Traffic;2000;Edward Zwick, Marshall Herskovitz, and Laura Bickford;Nominee;2000;147;Crime,Drama,Thriller;7.6;201,093"
"425;A Beautiful Mind;2001;Brian Grazer and Ron Howard;Winner;2001;135;Biography,Drama;8.2;878,511"
"426;Gosford Park;2001;Robert Altman, Bob Balaban, and David Levy;Nominee;2001;131;Comedy,Drama,Mystery;7.2;83,531"
"427;In the Bedroom;2001;Graham Leader, Ross Katz, and Todd Field;Nominee;2001;131;Crime,Drama;7.4;39,427"
"428;The Lord of the Rings: The Fellowship of the Ring;2001;Peter Jackson, Fran Walsh, and Barrie M. Osborne;Nominee;2001;178;Action,Adventure,Drama;8.8;1,724,755"
"429;Moulin Rouge!;2001;Martin Brown, Baz Luhrmann, and Fred Baron;Nominee;2001;127;Drama,Musical,Romance;7.6;273,077"
"430;Chicago;2002;Martin Richards;Winner;2002;113;Comedy,Crime,Musical;7.2;221,622"
"431;Gangs of New York;2002;Alberto Grimaldi and Harvey Weinstein;Nominee;2002;167;Crime,Drama;7.5;418,948"
"432;The Hours;2002;Scott Rudin and Robert Fox;Nominee;2002;110;Drama,Romance;7.5;127,773"
"433;The Lord of the Rings: The Two Towers;2002;Barrie M. Osborne, Fran Walsh, and Peter Jackson;Nominee;2002;179;Action,Adventure,Drama;8.7;1,540,135"
"434;The Pianist;2002;Roman Polanski, Robert Benmussa, and Alain Sarde;Nominee;2002;150;Biography,Drama,Music;8.5;766,841"
"435;The Lord of the Rings: The Return of the King;2003;Barrie M. Osborne, Peter Jackson, and Fran Walsh;Winner;2003;201;Action,Adventure,Drama;8.9;1,703,481"
"436;Lost in Translation;2003;Ross Katz and Sofia Coppola;Nominee;2003;102;Comedy,Drama;7.7;431,381"
"437;Master and Commander: The Far Side of the World;2003;Samuel Goldwyn Jr., Peter Weir, and Duncan Henderson;Nominee;2003;138;Action,Adventure,Drama;7.4;210,599"
"438;Mystic River;2003;Robert Lorenz, Judie G. Hoyt, and Clint Eastwood;Nominee;2003;138;Crime,Drama,Mystery;7.9;435,337"
"439;Seabiscuit;2003;Kathleen Kennedy, Frank Marshall, and Gary Ross;Nominee;2003;140;Drama,History,Sport;7.3;70,147"
"440;Million Dollar Baby;2004;Clint Eastwood, Albert S. Ruddy, and Tom Rosenberg;Winner;2004;132;Drama,Sport;8.1;655,679"
"441;The Aviator;2004;Michael Mann and Graham King;Nominee;2004;170;Biography,Drama;7.5;344,901"
"442;Finding Neverland;2004;Richard N. Gladstein and Nellie Bellflower;Nominee;2004;106;Biography,Drama,Family;7.7;202,139"
"443;Ray;2004;Taylor Hackford, Stuart Benjamin, and Howard Baldwin;Nominee;2004;152;Biography,Drama,Music;7.7;142,545"
"444;Sideways;2004;Michael London;Nominee;2004;127;Comedy,Drama,Romance;7.5;184,511"
"445;Crash;2005;Paul Haggis and Cathy Schulman;Winner;2004;112;Crime,Drama,Thriller;7.7;426,775"
"446;Brokeback Mountain;2005;Diana Ossana and James Schamus;Nominee;2005;134;Drama,Romance;7.7;337"
"447;Capote;2005;Caroline Baron, William Vince, and Michael Ohoven;Nominee;2005;114;Biography,Crime,Drama;7.3;128,822"
"448;Good Night, and Good Luck;2005;Grant Heslov;Nominee;2005;93;Biography,Drama,History;7.4;95,865"
"449;Munich;2005;Steven Spielberg, Kathleen Kennedy, and Barry Mendel;Nominee;2005;164;Action,Drama,History;7.5;218,462"
"450;The Departed;2006;Graham King;Winner;2006;151;Crime,Drama,Thriller;8.5;1,235,906"
"451;Babel;2006;Alejandro González Iñárritu, Steve Golin, and Jon Kilik;Nominee;2006;143;Drama;7.4;295,061"
"452;Letters from Iwo Jima;2006;Clint Eastwood, Steven Spielberg, and Robert Lorenz;Nominee;2006;141;Action,Adventure,Drama;7.9;157,732"
"453;Little Miss Sunshine;2006;David T. Friendly, Peter Saraf, and Marc Turtletaub;Nominee;2006;101;Comedy,Drama;7.8;453,506"
"454;The Queen;2006;Andy Harries, Christine Langan, and Tracey Seaward;Nominee;2006;103;Biography,Drama,History;7.3;107"
"455;No Country for Old Men;2007;Scott Rudin, Joel Coen, and Ethan Coen;Winner;2007;122;Crime,Drama,Thriller;8.1;896,63"
"456;Atonement;2007;Tim Bevan, Eric Fellner, and Paul Webster;Nominee;2007;123;Drama,Mystery,Romance;7.8;261,609"
"457;Juno;2007;Lianne Halfon, Mason Novick, and Russell Smith;Nominee;2007;96;Comedy,Drama;7.4;502,296"
"458;Michael Clayton;2007;Jennifer Fox, Kerry Orent, and Sydney Pollack;Nominee;2007;119;Crime,Drama,Mystery;7.2;160,164"
"459;There Will Be Blood;2007;Paul Thomas Anderson, Daniel Lupi, and JoAnne Sellar;Nominee;2007;158;Drama;8.2;542,278"
"460;Slumdog Millionaire;2008;Christian Colson;Winner;2008;120;Drama,Romance;8.0;816,485"
"461;The Curious Case of Benjamin Button;2008;Kathleen Kennedy, Frank Marshall, and Ceán Chaffin;Nominee;2008;166;Drama,Fantasy,Romance;7.8;611,518"
"462;Frost/Nixon;2008;Ron Howard, Brian Grazer, and Eric Fellner;Nominee;2008;122;Biography,Drama,History;7.7;105,602"
"463;Milk;2008;Bruce Cohen and Dan Jinks;Nominee;2008;128;Biography,Drama;7.5;168,756"
"464;The Reader;2008;Anthony Minghella, Sydney Pollack, Donna Gigliotti, and Redmond Morris;Nominee;2008;124;Drama,Romance;7.6;235,605"
"465;The Hurt Locker;2009;Kathryn Bigelow, Mark Boal, Nicolas Chartier, and Greg Shapiro;Winner;2008;131;Drama,Thriller,War;7.5;433,326"
"466;Avatar;2009;James Cameron and Jon Landau;Nominee;2009;162;Action,Adventure,Fantasy;7.8;1,153,124"
"467;The Blind Side;2009;Gil Netter, Andrew A. Kosove, and Broderick Johnson;Nominee;2009;129;Biography,Drama,Sport;7.6;305,982"
"468;District 9;2009;Peter Jackson and Carolynne Cunningham;Nominee;2009;112;Action,Sci-Fi,Thriller;7.9;653,215"
"469;An Education;2009;Finola Dwyer and Amanda Posey;Nominee;2009;100;Drama;7.3;131,326"
"470;Inglourious Basterds;2009;Lawrence Bender;Nominee;2009;153;Adventure,Drama,War;8.3;1,326,791"
"471;Precious: Based on the Novel 'Push' by Sapphire;2009;Lee Daniels, Sarah Siegel-Magness, and Gary Magness;Nominee;2009;110;Drama;7.3;107,998"
"472;A Serious Man;2009;Joel Coen and Ethan Coen;Nominee;2009;106;Comedy,Drama;7.1;137,77"
"473;Up;2009;Jonas Rivera;Nominee;2009;96;Animation,Adventure,Comedy;8.2;971,845"
"474;Up in the Air;2009;Daniel Dubiecki, Ivan Reitman, and Jason Reitman;Nominee;2009;109;Comedy,Drama,Romance;7.4;325,743"
"475;The King's Speech;2010;Iain Canning, Emile Sherman, and Gareth Unwin;Winner;2010;118;Biography,Drama,History;8.0;655,187"
"476;127 Hours;2010;Danny Boyle, John Smithson, and Christian Colson;Nominee;2010;94;Biography,Drama;7.5;359,243"
"477;Black Swan;2010;Scott Franklin, Mike Medavoy, and Brian Oliver;Nominee;2010;108;Drama,Thriller;8.0;721,688"
"478;The Fighter;2010;David Hoberman, Todd Lieberman, and Mark Wahlberg;Nominee;2010;116;Biography,Drama,Sport;7.8;350,469"
"479;Inception;2010;Christopher Nolan and Emma Thomas;Nominee;2010;148;Action,Adventure,Sci-Fi;8.8;2,160,498"
"480;The Kids Are All Right;2010;Gary Gilbert, Jeffrey Levy-Hinte, and Celine Rattray;Nominee;2010;106;Comedy,Drama,Romance;7.0;127,959"
"481;The Social Network;2010;Dana Brunetti, Ceán Chaffin, Michael De Luca, and Scott Rudin;Nominee;2010;120;Biography,Drama;7.7;651,516"
"482;Toy Story 3;2010;Darla K. Anderson;Nominee;2010;103;Animation,Adventure,Comedy;8.2;783,665"
"483;True Grit;2010;Joel Coen, Ethan Coen, and Scott Rudin;Nominee;2010;110;Drama,Western;7.6;322,03"
"484;Winter's Bone;2010;Alix Madigan and Anne Rosellini;Nominee;2010;100;Drama,Mystery;7.2;138,998"
"485;The Artist;2011;Thomas Langmann;Winner;2011;100;Comedy,Drama,Romance;7.9;235,457"
"486;The Descendants;2011;Jim Burke, Alexander Payne, and Jim Taylor;Nominee;2011;115;Comedy,Drama;7.3;236,381"
"487;Extremely Loud & Incredibly Close;2011;Scott Rudin;Nominee;2011;129;Adventure,Drama,Mystery;6.9;99,514"
"488;The Help;2011;Brunson Green, Chris Columbus, and Michael Barnathan;Nominee;2011;146;Drama;8.0;438,666"
"489;Hugo;2011;Graham King and Martin Scorsese;Nominee;2011;126;Drama,Family,Fantasy;7.5;312,181"
"490;Midnight in Paris;2011;Letty Aronson and Stephen Tenenbaum;Nominee;2011;94;Comedy,Fantasy,Romance;7.7;401,524"
"491;Moneyball;2011;Michael De Luca, Rachael Horovitz, and Brad Pitt;Nominee;2011;133;Biography,Drama,Sport;7.6;389,329"
"492;The Tree of Life;2011;Sarah Green, Bill Pohlad, Dede Gardner, and Grant Hill;Nominee;2011;139;Drama,Fantasy;6.8;171,734"
"493;War Horse;2011;Steven Spielberg and Kathleen Kennedy;Nominee;2011;146;Action,Adventure,Drama;7.2;151,533"
"494;Argo;2012;Grant Heslov, Ben Affleck, and George Clooney;Winner;2012;120;Biography,Drama,Thriller;7.7;588,984"
"495;Amour;2012;Margaret Menegoz, Stefan Arndt, Veit Heiduschka, and Michael Katz;Nominee;2012;127;Drama;7.9;96,258"
"496;Beasts of the Southern Wild;2012;Dan Janvey, Josh Penn, and Michael Gottwald;Nominee;2012;93;Adventure,Drama,Fantasy;7.3;82,051"
"497;Django Unchained;2012;Stacey Sher, Reginald Hudlin, and Pilar Savone;Nominee;2012;165;Drama,Western;8.4;1,420,092"
"498;Life of Pi;2012;Gil Netter, Ang Lee, and David Womark;Nominee;2012;127;Adventure,Drama,Fantasy;7.9;598,436"
"499;Lincoln;2012;Steven Spielberg and Kathleen Kennedy;Nominee;2011;118;Crime,Drama,Mystery;7.3;223,752"
"500;Les Misérables;2012;Tim Bevan, Eric Fellner, Debra Hayward, and Cameron Mackintosh;Nominee;2012;158;Drama,History,Musical;7.6;317,03"
"501;Silver Linings Playbook;2012;Donna Gigliotti, Bruce Cohen, and Jonathan Gordon;Nominee;2012;122;Comedy,Drama,Romance;7.7;679,022"
"502;Zero Dark Thirty;2012;Mark Boal, Kathryn Bigelow, and Megan Ellison;Nominee;2012;157;Drama,History,Thriller;7.4;283,119"
"503;12 Years a Slave;2013;Brad Pitt, Dede Gardner, Jeremy Kleiner, Steve McQueen, and Anthony Katagas;Winner;2013;134;Biography,Drama,History;8.1;662,741"
"504;American Hustle;2013;Charles Roven, Richard Suckle, Megan Ellison, and Jonathan Gordon;Nominee;2013;138;Crime,Drama;7.2;460,918"
"505;Captain Phillips;2013;Scott Rudin, Dana Brunetti, and Michael De Luca;Nominee;2013;134;Adventure,Biography,Crime;7.8;436,364"
"506;Dallas Buyers Club;2013;Robbie Brenner and Rachel Winter;Nominee;2013;117;Biography,Drama;8.0;459,404"
"507;Gravity;2013;Alfonso Cuarón and David Heyman;Nominee;2013;91;Drama,Sci-Fi,Thriller;7.7;789,47"
"508;Her;2013;Megan Ellison, Spike Jonze, and Vincent Landay;Nominee;2013;126;Drama,Romance,Sci-Fi;8.0;565,149"
"509;Nebraska;2013;Albert Berger and Ron Yerxa;Nominee;2013;115;Adventure,Comedy,Drama;7.7;115,031"
"510;Philomena;2013;Gabrielle Tana, Steve Coogan, and Tracey Seaward;Nominee;2013;98;Biography,Comedy,Drama;7.6;96,771"
"511;The Wolf of Wall Street;2013;Martin Scorsese, Leonardo DiCaprio, Joey McFarland, and Emma Tillinger Koskoff;Nominee;2013;180;Biography,Crime,Drama;8.2;1,257,166"
"512;Birdman or (The Unexpected Virtue of Ignorance);2014;Alejandro G. Iñárritu, John Lesher, and James W. Skotchdopole;Winner;2014;119;Comedy,Drama;7.7;599,24"
"513;American Sniper;2014;Clint Eastwood, Andrew Lazar, Robert Lorenz, Bradley Cooper, and Peter Morgan;Nominee;2014;133;Action,Biography,Drama;7.3;455,885"
"514;Boyhood;2014;Richard Linklater and Cathleen Sutherland;Nominee;2014;165;Drama;7.9;343,822"
"515;The Grand Budapest Hotel;2014;Wes Anderson, Scott Rudin, Steven M. Rales, and Jeremy Dawson;Nominee;2014;99;Adventure,Comedy,Crime;8.1;741,95"
"516;The Imitation Game;2014;Nora Grossman, Ido Ostrowsky, and Teddy Schwarzman;Nominee;2014;114;Biography,Drama,Thriller;8.0;714,452"
"517;Selma;2014;Christian Colson, Oprah Winfrey, Dede Gardner, and Jeremy Kleiner;Nominee;2014;128;Biography,Drama,History;7.5;89,059"
"518;The Theory of Everything;2014;Tim Bevan, Eric Fellner, Lisa Bruce, and Anthony McCarten;Nominee;2014;123;Biography,Drama,Romance;7.7;421,764"
"519;Whiplash;2014;Jason Blum, Helen Estabrook, and David Lancaster;Nominee;2014;106;Drama,Music;8.5;758,911"
"520;Spotlight;2015;Blye Pagon Faust, Steve Golin, Nicole Rocklin, and Michael Sugar;Winner;2015;129;Biography,Crime,Drama;8.1;440,413"
"521;The Big Short;2015;Dede Gardner, Jeremy Kleiner, and Brad Pitt;Nominee;2015;130;Biography,Comedy,Drama;7.8;387,192"
"522;Bridge of Spies;2015;Steven Spielberg, Marc Platt, and Kristie Macosko Krieger;Nominee;2015;142;Drama,History,Thriller;7.6;298,091"
"523;Brooklyn;2015;Finola Dwyer and Amanda Posey;Nominee;2015;117;Drama,Romance;7.5;135,972"
"524;Mad Max: Fury Road;2015;Doug Mitchell and George Miller;Nominee;2015;120;Action,Adventure,Sci-Fi;8.1;922,84"
"525;The Martian;2015;Simon Kinberg, Ridley Scott, Michael Schaefer, and Mark Huffam;Nominee;2015;144;Adventure,Drama,Sci-Fi;8.0;791,919"
"526;The Revenant;2015;Arnon Milchan, Steve Golin, Alejandro G. Iñárritu, Mary Parent, and Keith Redmon;Nominee;2015;156;Action,Adventure,Drama;8.0;738,208"
"527;Room;2015;Ed Guiney;Nominee;2015;118;Drama,Thriller;8.1;391,182"
"528;Moonlight;2016;Adele Romanski, Dede Gardner, and Jeremy Kleiner;Winner;2016;111;Drama;7.4;287,563"
"529;Arrival;2016;Shawn Levy, Dan Levine, Aaron Ryder, and David Linde;Nominee;2016;116;Drama,Sci-Fi;7.9;629,568"
"530;Fences;2016;Scott Rudin, Denzel Washington, and Todd Black;Nominee;2016;139;Drama;7.2;102,639"
"531;Hacksaw Ridge;2016;Bill Mechanic and David Permut;Nominee;2016;139;Biography,Drama,History;8.1;464,504"
"532;Hell or High Water;2016;Carla Hacken and Julie Yorn;Nominee;2016;102;Action,Crime,Drama;7.6;213,325"
"533;Hidden Figures;2016;Donna Gigliotti, Peter Chernin, Jenno Topping, Pharrell Williams, and Theodore Melfi;Nominee;2016;127;Biography,Drama,History;7.8;211,233"
"534;La La Land;2016;Fred Berger, Jordan Horowitz, and Marc Platt;Nominee;2016;128;Comedy,Drama,Music;8.0;534,405"
"535;Lion;2016;Emile Sherman, Iain Canning, and Angie Fielder;Nominee;2016;118;Biography,Drama;8.0;223,804"
"536;Manchester by the Sea;2016;Matt Damon, Kimberly Steward, Chris Moore, Lauren Beck, and Kevin J. Walsh;Nominee;2016;137;Drama;7.8;260,159"
"537;The Shape of Water;2017;Guillermo del Toro and J. Miles Dale;Winner;2017;123;Adventure,Drama,Fantasy;7.3;391,523"
"538;Call Me by Your Name;2017;Peter Spears, Luca Guadagnino, Emilie Georges, and Marco Morabito;Nominee;2017;132;Drama,Romance;7.9;234,177"
"539;Darkest Hour;2017;Tim Bevan, Eric Fellner, Lisa Bruce, Anthony McCarten, and Douglas Urbanski;Nominee;2017;125;Biography,Drama,History;7.4;184,502"
"540;Dunkirk;2017;Emma Thomas and Christopher Nolan;Nominee;2017;106;Action,Drama,History;7.8;591,901"
"541;Get Out;2017;Sean McKittrick, Jason Blum, Edward H. Hamm Jr., and Jordan Peele;Nominee;2017;104;Horror,Mystery,Thriller;7.7;526,587"
"542;Lady Bird;2017;Scott Rudin, Eli Bush, and Evelyn O'Neill;Nominee;2017;94;Comedy,Drama;7.4;258,867"
"543;Phantom Thread;2017;JoAnne Sellar, Paul Thomas Anderson, Megan Ellison, and Daniel Lupi;Nominee;2017;130;Drama,Romance;7.5;119,413"
"544;The Post;2017;Amy Pascal, Steven Spielberg, and Kristie Macosko Krieger;Nominee;2017;116;Drama;7.2;142,63"
"545;Three Billboards Outside Ebbing, Missouri;2017;Graham Broadbent, Pete Czernin, and Martin McDonagh;Nominee;2017;115;Comedy,Crime,Drama;8.1;463,268"
"546;Green Book;2018;Jim Burke, Charles B. Wessler, Brian Currie, Peter Farrelly, and Nick Vallelonga;Winner;2018;130;Biography,Comedy,Drama;8.2;422,669"
"547;Black Panther;2018;Kevin Feige;Nominee;2018;134;Action,Adventure,Sci-Fi;7.3;671,956"
"548;BlacKkKlansman;2018;Sean McKittrick, Jason Blum, Raymond Mansfield, Jordan Peele, and Spike Lee;Nominee;2018;135;Biography,Comedy,Crime;7.5;240,028"
"549;Bohemian Rhapsody;2018;Graham King;Nominee;2018;134;Biography,Drama,Music;7.9;482,597"
"550;The Favourite;2018;Ceci Dempsey, Ed Guiney, Lee Magiday, and Yorgos Lanthimos;Nominee;2018;119;Biography,Comedy,Drama;7.5;183,744"
"551;Roma;2018;Gabriela Rodríguez and Alfonso Cuarón;Nominee;2018;135;Drama;7.7;147,705"
"552;A Star Is Born;2018;Bill Gerber, Bradley Cooper, and Lynette Howell Taylor;Nominee;2018;136;Drama,Music,Romance;7.6;354,157"
"553;Vice;2018;Dede Gardner, Jeremy Kleiner, Adam McKay, and Kevin Messick;Nominee;2018;132;Biography,Comdey,Drama;7.2;132,014"
"554;Parasite;2019;Kwak Sin-ae and Bong Joon-ho;Winner;2019;132;Comedy,Drama,Thriller;8.6;651,517"
"555;1917;2019;Sam Mendes, Pippa Harris, Jayne-Ann Tenggren, and Callum McDougall;Nominee;2019;119;Action,Drama,War;8.3;485,648"
"556;Ford v Ferrari;2019;Peter Chernin, Jenno Topping, and James Mangold;Nominee;2019;152;Action,Biography,Drama;8.1;331,665"
"557;The Irishman;2019;Martin Scorsese, Robert De Niro, Jane Rosenthal, and Emma Tillinger Koskoff;Nominee;2019;209;Biography,Crime,Drama;7.8;349,303"
"558;Jojo Rabbit;2019;Carthew Neal, Taika Waititi, and Chelsea Winstanley;Nominee;2019;108;Comedy,Drama,War;7.9;335,856"
"559;Joker;2019;Todd Phillips, Bradley Cooper, and Emma Tillinger Koskoff;Nominee;2019;122;Crime,Drama,Thriller;8.4;1,056,051"
"560;Little Women;2019;Amy Pascal;Nominee;2019;135;Drama,Romance;7.8;163,41"
"561;Marriage Story;2019;Noah Baumbach and David Heyman;Nominee;2019;137;Comedy,Drama,Romance;7.9;270,304"
"562;Once Upon a Time in Hollywood;2019;David Heyman, Shannon McIntosh, and Quentin Tarantino;Nominee;2019;161;Comedy,Drama;7.6;628,233"
"563;Nomadland;2020;Frances McDormand, Peter Spears, Mollye Asher, Dan Janvey, and Chloé Zhao;Nominee;2020;107;Drama;7.4;123,041"
"564;The Father;2020;David Parfitt, Jean-Louis Livi, and Philippe Carcassonne;Nominee;2020;97;Drama;8.3;89,693"
"565;Judas and the Black Messiah;2020;Shaka King, Charles D. King, and Ryan Coogler;Nominee;2021;126;Biography,Drama,History;7.5;58,996"
"566;Mank;2020;Ceán Chaffin, Eric Roth, and Douglas Urbanski;Nominee;2020;131;Biography,Comedy,Drama;6.9;65,38"
"567;Minari;2020;Christina Oh;Nominee;2020;115;Drama;7.5;57,976"
"568;Promising Young Woman;2020;Ben Browning, Ashley Fox, Emerald Fennell, and Josey McNamara;Nominee;2020;113;Crime,Drama,Thriller;7.5;122,269"
"569;Sound of Metal;2020;Bert Hamelinck and Sacha Ben Harroche;Nominee;2019;120;Drama,Music;7.8;102,807"
"570;The Trial of the Chicago 7;2020;Marc Platt and Stuart M. Besser;Nominee;2020;129;Drama,History,Thriller;7.8;156,283"
